Number,Residue,RCI
1,SER,0.074553539
2,LYS,0.05904013
3,TYR,0.033106242
4,ALA,0.023931827
5,GLU,0.021391404
6,LEU,0.021967532
7,LEU,0.023373046
8,ALA,0.02382393
9,ILE,0.022271493
10,ILE,0.018988209
11,GLU,0.018709035
12,GLU,0.02071753
13,LEU,0.025738017
14,GLY,0.027490627
15,LYS,0.024542248
16,GLU,0.017118595
17,ILE,0.012012831
18,ARG,0.010184072
19,PRO,0.013066292
20,THR,0.016176816
21,TYR,0.034226277
22,ALA,0.046083121
23,GLY,0.049247169
24,SER,0.034986881
25,LYS,0.023682049
26,SER,0.020636977
27,ALA,0.019503507
28,MET,0.017915096
29,GLU,0.016911158
30,ARG,0.01638766
31,LEU,0.017120529
32,LYS,0.017339649
33,ARG,0.018237024
34,GLY,0.018249171
35,ILE,0.018190231
36,ILE,0.017698962
37,HIS,0.01776573
38,ALA,0.017121783
39,ARG,0.017947375
40,GLY,0.018527575
41,LEU,0.018353471
42,VAL,0.016146377
43,ARG,0.013977777
44,GLU,0.013706862
45,CYS,0.014875777
46,LEU,0.019839452
47,ALA,0.025018211
48,GLU,0.029238423
49,THR,0.032014194
50,GLU,0.042066654
51,ARG,0.059319882
52,ASN,0.071027567
53,ALA,
54,ARG,
55,SER,
201,SER,0.074553539
202,LYS,0.05904013
203,TYR,0.033106242
204,ALA,0.023931827
205,GLU,0.021391404
206,LEU,0.021967532
207,LEU,0.023373046
208,ALA,0.02382393
209,ILE,0.022271493
210,ILE,0.018988209
211,GLU,0.018709035
212,GLU,0.02071753
213,LEU,0.025738017
214,GLY,0.027490627
215,LYS,0.024542248
216,GLU,0.017118595
217,ILE,0.012012831
218,ARG,0.010184072
219,PRO,0.013066292
220,THR,0.016176816
221,TYR,0.034226277
222,ALA,0.046083121
223,GLY,0.049247169
224,SER,0.034986881
225,LYS,0.023682049
226,SER,0.020636977
227,ALA,0.019503507
228,MET,0.017915096
229,GLU,0.016911158
230,ARG,0.01638766
231,LEU,0.017120529
232,LYS,0.017339649
233,ARG,0.018237024
234,GLY,0.018249171
235,ILE,0.018190231
236,ILE,0.017698962
237,HIS,0.01776573
238,ALA,0.017121783
239,ARG,0.017947375
240,GLY,0.018527575
241,LEU,0.018353471
242,VAL,0.016146377
243,ARG,0.013977777
244,GLU,0.013706862
245,CYS,0.014875777
246,LEU,0.019839452
247,ALA,0.025018211
248,GLU,0.029238423
249,THR,0.032014194
250,GLU,0.042066654
251,ARG,0.059319882
252,ASN,0.071027567
253,ALA,
254,ARG,
255,SER,
