Number,RCI,Residue
1,0.027800475,T
2,0.027069327,F
3,0.02392842,K
4,0.020872138,Q
5,0.017694611,V
6,0.016020565,A
7,0.013321571,D
8,0.010936442,D
9,0.009691183,W
10,0.012587448,L
11,0.019968813,K
12,0.027493693,Q
13,0.033357251,Y
14,0.035403141,A
15,0.03760293,N
16,0.042576505,D
17,0.044286578,V
18,0.043590843,K
19,0.036829811,V
20,0.030871949,S
21,0.026958615,S
22,0.023955389,V
23,0.025926956,R
24,0.024955414,A
25,0.024650739,R
26,0.021541579,E
27,0.02236476,K
28,0.023550502,A
29,0.02280163,I
30,0.020117238,Q
31,0.016427098,H
32,0.014723899,A
33,0.015152775,I
34,0.022479692,E
35,0.027848727,R
36,0.035065226,F
37,0.037844959,N
38,0.079744404,T
39,0.081032578,K
40,0.076247515,P
41,0.034486541,I
42,0.035966365,Q
43,0.040958593,T
44,0.040709243,I
45,0.031152946,K
46,0.021889847,K
47,0.018687688,H
48,0.019574891,D
49,0.023303339,Y
50,0.024181341,Q
51,0.021817096,R
52,0.016378037,F
53,0.012228454,V
54,0.011881702,D
55,0.014737636,D
56,0.023416154,I
57,0.036041929,S
58,0.041681633,A
59,0.043094962,Q
60,0.034596813,Y
61,0.032013316,S
62,0.027035658,K
63,0.024300665,N
64,0.019424668,Y
65,0.015555911,V
66,0.01425712,D
67,0.014943876,S
68,0.014738814,I
69,0.015274926,V
70,0.014415183,A
71,0.015379752,S
72,0.015197019,T
73,0.01507952,N
74,0.013247873,M
75,0.012126257,I
76,0.013946613,F
77,0.019542098,K
78,0.024765859,Y
79,0.024745937,A
80,0.02399586,Y
81,0.021716055,D
82,0.027578685,T
83,0.024786504,R
84,0.026116901,L
85,0.020691458,I
86,0.033234463,K
87,0.039365053,A
88,0.043802294,M
89,0.036725737,P
90,0.035321286,S
91,0.050401495,E
92,0.064191713,G
93,0.069988056,I
94,0.070144415,K
95,0.086685756,R
96,0.154471887,P
97,0.228908279,K
98,0.278852565,K
99,0.289505955,K
100,0.27941294,V
101,0.293987952,S
102,0.31362441,V
103,0.29375985,E
